id,firstname,lastname,version,company
0,Celisse,Carbo,3,Provider One
1,Ardys,Parette,7,Provider One
2,Cristabel,Diogenes,4,Provider One
3,Zaria,Phaidra,3,Provider Three
4,Eolanda,Prouty,2,Provider Five
5,Adriana,Hunfredo,6,Provider Two
6,Olwen,Tengdin,2,Provider Two
7,Neila,Holbrook,9,Provider Two
8,Tani,Phaidra,3,Provider Two
9,Susan,Chandler,6,Provider Four
10,Molli,Kenney,7,Provider Five
11,Fina,Cookie,4,Provider Two
12,Ileana,Schroth,4,Provider Three
13,Tersina,Salvidor,7,Provider Two
14,Esmeralda,Sawtelle,4,Provider Three
15,Damaris,Holtz,9,Provider One
16,Babita,Geffner,5,Provider Two
17,Wendi,Jacobah,8,Provider One
18,Britni,Elbertina,9,Provider Four
19,Libbie,Romelda,7,Provider Three
20,Johna,Aaberg,3,Provider Four
21,Arabel,Amand,2,Provider Two
22,Doro,Natalia,8,Provider One
23,Kathi,Odysseus,9,Provider Three
24,Albertina,Euridice,6,Provider Two
25,Darci,Yate,7,Provider Four
26,Frieda,Gilbertson,6,Provider Four
27,Lelah,Thornburg,5,Provider Two
28,Joeann,Dorothy,4,Provider Three
29,Florencia,Devlen,4,Provider One
30,Jan,Mallon,8,Provider Two
31,Fanny,Bobbee,1,Provider Two
32,Sarette,Duwalt,10,Provider Two
33,Lolita,Bryna,6,Provider Five
34,Ardenia,Tyson,8,Provider Three
35,Dacia,Darian,2,Provider Two
36,Phylis,Esmaria,4,Provider Two
37,Vonny,Durware,3,Provider Two
38,Lisette,Mozelle,5,Provider Three
39,Talya,Lareena,7,Provider Three
40,Cassondra,Goerke,1,Provider Three
41,Jobi,Aurelio,4,Provider Two
42,Vita,Thad,2,Provider Two
43,Marline,Socha,7,Provider One
44,Johna,Dunkin,4,Provider Two
45,Heddie,Gerge,3,Provider Five
46,Tamqrah,Giff,10,Provider One
47,Dulce,Fry,2,Provider Five
48,Zaria,Gladstone,8,Provider Five
49,Roseline,Shanley,1,Provider One
50,Oralee,Newell,3,Provider Two
51,Sibella,Chandler,7,Provider Five
52,Aurelie,Peti,9,Provider Five
53,Amara,Lia,7,Provider Four
54,Darci,McGrody,3,Provider Two
55,Teriann,Jeanne,8,Provider Three
56,Mariele,Naashom,5,Provider Five
57,Karina,Lutero,10,Provider Five
58,Belva,Wattenberg,7,Provider Five
59,Aigneis,Kussell,4,Provider Five
60,Blinni,Brittani,9,Provider Five
61,Fredericka,Saree,4,Provider One
62,Celestyna,Anton,5,Provider Five
63,Emma,Milson,2,Provider Three
64,Caryl,Paine,1,Provider Two
65,Minda,Bonilla,8,Provider Four
66,Ada,Ax,7,Provider Four
67,Bill,Dalli,9,Provider Two
68,Tani,Anton,9,Provider Four
69,Ingrid,Standing,3,Provider Four
70,Clary,Autrey,1,Provider Five
71,Robinia,Fax,3,Provider Four
72,Jasmina,Decato,10,Provider Three
73,Margarette,Ursulette,6,Provider Five
74,Kenna,Simmonds,3,Provider Five
75,Dorene,Revkah,8,Provider Four
76,Merry,Iphlgenia,9,Provider Four
77,Charissa,Felizio,5,Provider Two
78,Valera,Anis,6,Provider Three
79,Celene,Thomasina,6,Provider Four
80,Valera,Angelis,7,Provider Four
81,Leontine,Sammons,7,Provider Three
82,Rochette,Decato,1,Provider Five
83,Dennie,Melony,10,Provider One
84,Annice,Fink,5,Provider Two
85,Mariann,Guildroy,4,Provider Three
86,Yolane,Dorothy,1,Provider Four
87,Desirae,Dahlia,10,Provider Three
88,Sheree,Hailee,2,Provider Four
89,Winny,Lalitta,3,Provider Two
90,Janeczka,Voletta,4,Provider One
91,Sara-Ann,Swanhildas,10,Provider Four
92,Suzette,Pierette,8,Provider Three
93,Tatiania,Kauppi,8,Provider Three
94,Jordan,Lacombe,2,Provider Five
95,Gerianna,Hathaway,10,Provider Two
96,Doro,Letsou,10,Provider Four
97,Raf,Shirberg,5,Provider Two
98,Nessie,Hirsch,9,Provider One
99,Kristan,Bigner,3,Provider Four
100,Carolina,Hebner,9,Provider One
101,Roz,Edvard,6,Provider Four
102,Pearline,Carey,7,Provider Three
103,Gavrielle,Vanni,10,Provider Five
104,Kore,Pettiford,4,Provider Two
105,Alameda,Amethist,3,Provider Three
106,Courtnay,Isidore,2,Provider Two
107,Gerianna,Henrie,3,Provider Two
108,Vere,Wenoa,6,Provider Three
109,Berget,Dex,5,Provider Five
110,Shaine,Izaak,6,Provider One
111,Taffy,Stanwood,9,Provider Three
112,Shannah,Atonsah,1,Provider Two
113,Ekaterina,Niles,2,Provider Five
114,Augustine,Monaco,2,Provider Four
115,Lucy,Tybald,6,Provider Three
116,Vita,Danby,3,Provider Five
117,Anallese,Harl,9,Provider Five
118,Hermione,Cutlerr,2,Provider Two
119,Sindee,Merriott,1,Provider Two
120,Paule,MacIntosh,7,Provider Five
121,Bernardine,Zuzana,2,Provider Two
122,Kerrin,Monk,4,Provider Four
123,Corly,Kussell,1,Provider Five
124,Gale,Fiann,3,Provider Five
125,Dorothy,Therine,7,Provider Three
126,Rani,Fiann,6,Provider Four
127,Cherrita,Taam,9,Provider Three
128,Janeczka,Edee,9,Provider Two
129,Zondra,Helve,8,Provider Two
130,Kristan,Pillsbury,8,Provider Three
131,Bettine,Hartnett,9,Provider Three
132,Morganica,Marsden,6,Provider Three
133,Claudina,Argus,10,Provider Three
134,Donetta,Tufts,3,Provider Five
135,Carol-Jean,Mintz,9,Provider Two
136,Georgina,Haerr,9,Provider Three
137,Ottilie,Henebry,8,Provider Two
138,Chickie,Olympium,9,Provider Two
139,Roberta,Leler,6,Provider Four
140,Gavrielle,Elvyn,9,Provider Four
141,Hermione,Sophronia,8,Provider Two
142,Cyb,Peonir,5,Provider Two
143,Sheree,Dom,9,Provider Five
144,Bill,Thilda,10,Provider Four
145,Helsa,Gamaliel,2,Provider Four
146,Flory,Stuart,3,Provider One
147,Robbi,Toor,9,Provider Two
148,Jordan,Bury,7,Provider Two
149,Korrie,Emmaline,3,Provider One
150,Lita,Carlson,2,Provider Five
151,Louella,Arne,10,Provider Five
152,Augustine,Cassius,8,Provider Four
153,Yetty,Ashely,10,Provider One
154,Elise,Zuzana,3,Provider Two
155,Rozele,Bonilla,4,Provider Four
156,Chastity,Agle,4,Provider Four
157,Harrietta,Waldron,8,Provider Three
158,Ileana,Klemperer,2,Provider Four
159,Christy,Burkle,7,Provider Two
160,Katuscha,Tillford,1,Provider Three
161,Inga,Anastatius,10,Provider Three
162,Dianemarie,Jehu,4,Provider One
163,Nataline,Payson,2,Provider Three
164,Alameda,Thar,8,Provider Five
165,Cindelyn,Fry,2,Provider Five
166,Candy,Millda,7,Provider Three
167,Bee,Peg,4,Provider One
168,Molli,Bebe,5,Provider One
169,Emylee,Atonsah,6,Provider Two
170,Christian,Wooster,3,Provider Two
171,Jessy,Tybald,5,Provider Four
172,Jaime,Riva,9,Provider Four
173,Zondra,Lamoree,10,Provider Three
174,Clo,Reinke,3,Provider Three
175,Gavrielle,Alabaster,1,Provider Three
176,Gabriellia,Jena,7,Provider One
177,Elise,Riva,8,Provider One
178,Verla,Annice,9,Provider Three
179,Bill,Eiser,10,Provider Three
180,Cherilyn,Campball,8,Provider Two
181,Gale,Toffic,5,Provider Four
182,Aaren,Odell,9,Provider Five
183,Susette,Toni,1,Provider Four
184,Isa,Tremayne,5,Provider Five
185,Almeta,Wolfgram,3,Provider Five
186,Cathyleen,Simmonds,8,Provider Four
187,Jenilee,Verger,3,Provider Five
188,Anthia,Zachary,8,Provider One
189,Kerrin,Joli,4,Provider Two
190,Christal,Gaulin,2,Provider Four
191,Pamella,Papageno,6,Provider Five
192,Lory,An,7,Provider Four
193,Nikki,Mallon,7,Provider Two
194,Cathie,Cullin,3,Provider Two
195,Eve,Hedve,4,Provider Four
196,Anthia,Brady,3,Provider Five
197,Dione,Tryck,5,Provider Five
198,Lisette,Kamaria,5,Provider Four
199,Hannis,Haymes,1,Provider Four
200,Marcelline,Sigfrid,3,Provider Five
201,Esmeralda,Rosette,5,Provider One
202,Bee,Sammons,3,Provider Three
203,Lila,Narton,4,Provider Three
204,Misha,Eugenia,10,Provider Five
205,Anica,Wilona,3,Provider Two
206,Fawne,Kunin,6,Provider Three
207,Donnie,Boycey,5,Provider Three
208,Corry,Hepsibah,5,Provider Three
209,Bibby,Mandler,6,Provider Three
210,Nelle,Ogren,7,Provider Two
211,Melisent,Madaih,7,Provider Four
212,Donnie,Sidonius,3,Provider One
213,Wendi,Magdalen,6,Provider One
214,Jackie,Hanshaw,9,Provider Two
215,Monika,Gusella,9,Provider Three
216,Gabi,Guildroy,10,Provider Three
217,Fawne,Tatianas,10,Provider Three
218,Basia,Junie,4,Provider Five
219,Vere,Travax,6,Provider Five
220,Lorenza,Alva,7,Provider One
221,Jasmina,Parsaye,8,Provider One
222,Kamilah,Skurnik,8,Provider Two
223,Vere,Munn,3,Provider Four
224,Ellette,Sasnett,9,Provider Two
225,Danny,Ledah,3,Provider Two
226,Gerianna,Aprile,3,Provider Three
227,Rosene,Whittaker,8,Provider One
228,Felice,Hirsch,8,Provider Three
229,Berta,Nahum,2,Provider One
230,Tabbatha,Yoko,9,Provider One
231,Candy,Simmonds,4,Provider Five
232,Merry,Nerita,6,Provider Five
233,Jenilee,Blisse,2,Provider One
234,Melanie,Nelsen,5,Provider One
235,Lorenza,Fairweather,9,Provider Four
236,Lorie,Clywd,10,Provider Five
237,Nelle,Dahlia,6,Provider Three
238,Shell,Azeria,6,Provider Three
239,Jacenta,Thad,9,Provider Five
240,Daune,Merna,8,Provider Two
241,Dominga,Sekofski,8,Provider Five
242,Hildegaard,Grobe,9,Provider One
243,Kittie,Susannah,1,Provider Five
244,Dania,Anestassia,5,Provider One
245,Almeta,Tryck,10,Provider Three
246,Margarette,Dichy,2,Provider One
247,Candi,Pacorro,2,Provider Three
248,Hermione,Macey,3,Provider One
249,Millie,Krystle,7,Provider Three
250,Pearline,Moina,6,Provider One
251,Chickie,Genna,6,Provider Two
252,Gavrielle,Vernier,8,Provider Three
253,Fawne,Ilka,1,Provider Five
254,Kellen,Eliathas,1,Provider Four
255,Sadie,Schwejda,9,Provider Three
256,Corry,Hurley,9,Provider Four
257,Beatriz,Soneson,8,Provider Four
258,Fred,McAdams,7,Provider Five
259,Vonny,Weide,9,Provider Two
260,Ermengarde,Germann,10,Provider Two
261,Althea,Nore,7,Provider Three
262,Lucy,Damarra,3,Provider Two
263,Paulita,Minetta,6,Provider One
264,Alameda,Crudden,10,Provider Five
265,Jenilee,Sammons,7,Provider Five
266,Wynne,Ummersen,5,Provider Five
267,Amalie,Hebner,8,Provider Two
268,Lila,Vharat,9,Provider Three
269,Rhea,Scammon,1,Provider Four
270,Gerrie,Chick,4,Provider Five
271,Kellen,Bebe,4,Provider Two
272,Blake,An,5,Provider Four
273,Aili,Trinetta,3,Provider Two
274,Arabel,Arvo,4,Provider Four
275,Corry,Meli,4,Provider Three
276,Renae,Oriana,4,Provider Five
277,Courtnay,Burkle,6,Provider One
278,Jennica,Juan,3,Provider Five
279,Libbie,Drus,5,Provider Four
280,Gerrie,Hertzfeld,1,Provider Two
281,Wanda,Raul,1,Provider Four
282,Roz,Wildermuth,3,Provider Two
283,Gisela,Belldas,1,Provider Five
284,Clary,Erich,7,Provider Two
285,Lanna,Macey,8,Provider Five
286,Elise,Callista,5,Provider Three
287,Demetris,Mayeda,8,Provider Four
288,Pamella,Gower,3,Provider Three
289,Fawne,Norvol,1,Provider One
290,Sophia,McLaughlin,10,Provider One
291,Allyce,Gert,10,Provider Five
292,Blondelle,Estella,8,Provider Two
293,Joelly,Denis,2,Provider Five
294,Fredericka,Riva,7,Provider One
295,Christal,MacIntosh,5,Provider Four
296,Ardeen,Bergman,9,Provider Two
297,Fernande,Pacorro,9,Provider Four
298,Drucie,Waldron,1,Provider Four
299,Tracey,Vernier,9,Provider Three
300,Agnese,Ardra,1,Provider Three
301,Frances,Keily,2,Provider Three
302,Merrie,Georas,10,Provider Three
303,Joy,Rese,1,Provider One
304,Albertina,Malina,9,Provider Four
305,Dagmar,Minetta,3,Provider One
306,Grier,Henrie,7,Provider Five
307,Clo,Raffo,3,Provider Five
308,Shaylyn,Dyche,3,Provider One
309,Lilith,Annabella,6,Provider Two
310,Jacenta,Vivle,3,Provider One
311,Paulita,Hermes,2,Provider Four
312,Averyl,Sperling,7,Provider Four
313,Leia,Guildroy,10,Provider Three
314,Aimil,Jerald,5,Provider Five
315,Meg,Doig,10,Provider One
316,Krystle,Gualtiero,5,Provider One
317,Arlina,Seligman,2,Provider Three
318,Trixi,Nester,9,Provider Four
319,Darci,Bates,9,Provider Three
320,Roz,Firmin,9,Provider Four
321,Carlie,Bow,9,Provider Two
322,Joelly,Bouchard,1,Provider Five
323,Gilda,Avi,7,Provider Four
324,Jessamyn,Knowling,2,Provider Four
325,Drucie,Breed,9,Provider Two
326,Roxane,Chem,2,Provider Four
327,Nariko,Sharl,3,Provider Five
328,Minda,Christine,10,Provider Five
329,Liana,Erskine,5,Provider Two
330,Lynea,Lenny,7,Provider One
331,Goldie,Land,2,Provider Five
332,Sophia,Karylin,5,Provider Four
333,Lilith,Tarrant,6,Provider Two
334,Mahalia,Winthorpe,5,Provider Four
335,Marjie,Riordan,6,Provider Five
336,Thalia,Monaco,5,Provider Three
337,Orsola,Madelene,10,Provider One
338,Lanae,Alice,4,Provider Five
339,Maryellen,Wooster,3,Provider Three
340,Chandra,Alcott,2,Provider One
341,Nikki,Gherardo,4,Provider Three
342,Peri,Calhoun,7,Provider One
343,Barbi,Esmaria,1,Provider Three
344,Jan,Brunell,1,Provider One
345,Sam,Brieta,1,Provider Five
346,Etta,Raychel,6,Provider Three
347,Tatiania,Kamaria,7,Provider Four
348,Marline,Munn,4,Provider Three
349,Heida,Cynar,8,Provider Three
350,Katharina,Bethany,3,Provider Five
351,Peri,Kare,4,Provider One
352,Collen,Nea,3,Provider Three
353,Halette,Warthman,8,Provider Three
354,Brandise,Koehler,10,Provider Two
355,Bibby,Cimbura,4,Provider Two
356,Charmaine,Bibi,1,Provider Two
357,Maud,Zachary,2,Provider Four
358,Wendi,Erb,2,Provider One
359,Christal,Arley,8,Provider Four
360,Cristine,Chabot,8,Provider Four
361,Jaclyn,Aloise,4,Provider Five
362,Adele,Sheng,5,Provider One
363,Jinny,Ardra,6,Provider One
364,Flo,Turne,9,Provider Five
365,Lonnie,Aida,3,Provider One
366,Cathyleen,Croix,6,Provider Five
367,Shel,Tengdin,9,Provider One
368,Natka,Mendez,2,Provider One
369,Lisette,Eben,7,Provider Four
370,Calla,Douglass,8,Provider Two
371,Ira,Aprile,6,Provider Four
372,Nariko,Byrne,9,Provider Five
373,Brietta,Ajay,8,Provider Five
374,Kimberley,Adore,10,Provider Three
375,Nataline,Graig,5,Provider Three
376,Shaine,Edmund,4,Provider Five
377,Ada,Ackerley,8,Provider One
378,Jolyn,Mata,9,Provider Two
379,Maisey,Marijo,4,Provider Five
380,Mellicent,Desai,10,Provider Five
381,Brietta,Euridice,4,Provider Four
382,Neila,Lane,8,Provider Two
383,Moyna,Winthorpe,3,Provider Two
384,Amii,Markman,5,Provider Three
385,Clementine,Gwenore,5,Provider Three
386,Marsiella,Henrie,6,Provider Four
387,Melodie,Atonsah,1,Provider Four
388,Vonny,Paine,7,Provider Three
389,Sara-Ann,Madaih,4,Provider One
390,Lily,Shields,1,Provider Four
391,Pamella,Lenny,8,Provider Four
392,Aigneis,Maisey,8,Provider Five
393,Orsola,Schalles,8,Provider Four
394,Jaclyn,Belldas,3,Provider One
395,Angela,Aldric,4,Provider One
396,Allyce,Carri,4,Provider Five
397,Corene,Teryn,5,Provider Four
398,Blinni,Newell,3,Provider One
399,Laurene,Erskine,5,Provider Four
400,Shandie,Donell,10,Provider Two
401,Neila,Blake,2,Provider Five
402,Di,Rhu,10,Provider Four
403,Karena,Sheedy,1,Provider Four
404,Roberta,Rhu,4,Provider Three
405,Jan,Jacqui,6,Provider Four
406,Bee,Egbert,9,Provider Five
407,Hayley,Prober,6,Provider Three
408,Esmeralda,Casimir,3,Provider One
409,Tobe,Radu,4,Provider Three
410,Angelique,Zenas,8,Provider One
411,Minne,Tiffa,2,Provider Five
412,Larine,Jehu,7,Provider Five
413,Anica,Marisa,8,Provider Three
414,Marleah,Abbot,6,Provider One
415,Ninnetta,Cassius,2,Provider Four
416,Ann-Marie,Dannye,5,Provider Four
417,Daryl,Faria,8,Provider Three
418,Silvana,Kermit,6,Provider One
419,Janis,Vorster,6,Provider Two
420,Catrina,Tybald,4,Provider Five
421,Joy,Harriman,3,Provider Three
422,Catharine,Darrell,1,Provider Five
423,Elsie,Sasnett,8,Provider Three
424,Merle,Adalbert,6,Provider Four
425,Cecile,Tomasina,9,Provider Two
426,Valeda,Tyson,10,Provider Five
427,Wynne,Markman,5,Provider One
428,Robbi,Suzetta,6,Provider Three
429,Chrystel,Pip,2,Provider Four
430,Marjie,Nikaniki,8,Provider Five
431,Quintina,Kristi,2,Provider Four
432,Delilah,Kylander,6,Provider Four
433,Carmela,Hieronymus,10,Provider Two
434,Dorene,Haldas,3,Provider Five
435,Gwenneth,Claudine,3,Provider Five
436,Chere,Tomasina,9,Provider Four
437,Jenilee,Grobe,6,Provider Two
438,Adelle,Erskine,1,Provider Two
439,Madeleine,Egbert,7,Provider Four
440,Siana,Creamer,10,Provider One
441,Myriam,Sherfield,2,Provider Two
442,Kellen,Hoenack,5,Provider Three
443,Lory,Grimbly,1,Provider Four
444,Amara,Gino,1,Provider Five
445,Talya,Sperling,9,Provider One
446,Clementine,Bluh,5,Provider One
447,Lexine,Sharl,5,Provider Three
448,Reeba,Amadas,2,Provider Two
449,Lilith,Laurianne,1,Provider Five
450,Arlina,Eben,9,Provider Three
451,Katleen,Jarib,7,Provider Two
452,Talya,Dosia,10,Provider Three
453,Margalo,Ax,10,Provider Five
454,Elbertina,Moina,8,Provider One
455,Damaris,Fabiola,5,Provider Three
456,Merry,Susannah,9,Provider Two
457,Hildegaard,Ventre,7,Provider Two
458,Candy,Atcliffe,10,Provider Five
459,Ruthe,Masao,1,Provider Three
460,Blinni,Melleta,10,Provider Four
461,Alyssa,Therine,10,Provider Three
462,Gretal,Burnside,3,Provider Two
463,Silvana,Laurianne,9,Provider Five
464,Suzette,Hull,2,Provider Two
465,Mamie,Taam,3,Provider Five
466,Caressa,Middleton,10,Provider Three
467,Magdalena,Diogenes,1,Provider Three
468,Tressa,Holtz,6,Provider Four
469,Gretal,Hylan,4,Provider Five
470,Elora,Maroney,6,Provider Two
471,Regina,Nance,8,Provider One
472,Madalyn,Pernick,6,Provider Three
473,Adore,Lareena,3,Provider Four
474,Abbie,Argus,2,Provider Five
475,Nikki,Holbrook,7,Provider Two
476,Siana,Bearnard,6,Provider Five
477,Karly,Sacken,8,Provider Four
478,Helsa,Rosemary,9,Provider Three
479,Magdalena,Vharat,1,Provider Five
480,Gaylene,Denis,3,Provider One
481,Mildrid,Niccolo,5,Provider One
482,Nollie,Berl,8,Provider One
483,Catharine,Gaulin,7,Provider Three
484,Tobe,Donell,2,Provider Three
485,Lilith,Gamaliel,3,Provider Five
486,Jinny,Magnolia,4,Provider Four
487,Mureil,Kauppi,1,Provider Three
488,Ardys,Wind,5,Provider Two
489,Zaria,Sadowski,7,Provider Four
490,Blake,Fleeta,1,Provider Two
491,Blinni,Garrison,2,Provider Three
492,Ebonee,Baptlsta,9,Provider Three
493,Jaclyn,Lesley,1,Provider One
494,Mireielle,Gherardo,4,Provider Five
495,Larine,My,9,Provider One
496,Adele,Buffum,2,Provider Five
497,Sadie,Vivle,10,Provider One
498,Elise,Bultman,4,Provider Five
499,Adriana,Isacco,2,Provider Five
500,Donnie,Chobot,8,Provider Three
501,Meghann,Tatianas,5,Provider Three
502,Vevay,McAdams,4,Provider Five
503,Eolanda,Cassius,6,Provider Five
504,Lucy,Munn,7,Provider Five
505,Orelia,Bobbee,4,Provider Four
506,Anestassia,Even,5,Provider Four
507,Max,Pattin,9,Provider Three
508,Doro,Destinee,7,Provider Five
509,Blinni,Gordon,6,Provider Three
510,Ulrike,Reinke,4,Provider Four
511,Renie,My,2,Provider Two
512,Rhoda,Poll,2,Provider Four
513,Mireielle,Johnsson,5,Provider One
514,Dale,Magdalen,5,Provider Two
515,Mireielle,Maxi,7,Provider Four
516,Charmaine,Maples,8,Provider One
517,Shauna,Schenck,7,Provider Four
518,Elka,Palocz,7,Provider Five
519,Judy,Hewitt,6,Provider One
520,Raf,Wildermuth,2,Provider Two
521,Raf,Fabiola,1,Provider Two
522,Deedee,Thad,8,Provider Three
523,Shirlee,Billye,8,Provider Five
524,Halette,Forrer,7,Provider Four
525,Phedra,Iaverne,7,Provider Four
526,Ricky,Stuart,7,Provider One
527,Donnie,Brunell,5,Provider One
528,Mathilda,Hortensia,6,Provider One
529,Aaren,Mallon,7,Provider Five
530,Gwenneth,Carmena,4,Provider One
531,Marylou,Gibbeon,6,Provider Five
532,Rosaline,Louanna,7,Provider Two
533,Vonny,Genna,8,Provider Four
534,Paule,Argus,1,Provider One
535,Fernande,Tarrant,2,Provider One
536,Jolyn,Bobbee,5,Provider Two
537,Corry,Arley,5,Provider Three
538,Moyna,Stav,3,Provider Three
539,Karena,Gemini,5,Provider Five
540,Loree,Ferrell,6,Provider Three
541,Emilia,Carmena,5,Provider Four
542,Judy,Alva,5,Provider Five
543,Chrystel,Bevin,9,Provider Three
544,Amalie,Sherrie,6,Provider Three
545,Elie,Weinreb,3,Provider Two
546,Melanie,Albertine,1,Provider Five
547,Kaja,Orelee,6,Provider Four
548,Marjie,Erich,7,Provider One
549,Eolanda,Nisbet,10,Provider One
550,Margette,Nikaniki,5,Provider Five
551,Harmonia,Arathorn,7,Provider Three
552,Ana,Salvidor,6,Provider Four
553,Bibby,Standing,2,Provider Two
554,Mildrid,Poll,1,Provider One
555,Catharine,Johnsson,3,Provider One
556,Selma,Heisel,4,Provider One
557,Selia,Winthorpe,4,Provider Three
558,Anestassia,Stuart,5,Provider Five
559,Kylynn,Jenness,8,Provider Four
560,Minne,O'Carroll,9,Provider Five
561,Celene,Azeria,9,Provider Four
562,Georgina,Camden,9,Provider One
563,Joy,Zaslow,3,Provider Two
564,Elbertina,Sancho,2,Provider Four
565,Christian,Elvyn,4,Provider Two
566,Janey,Luhe,5,Provider Four
567,Di,Vary,2,Provider Four
568,Harrietta,Breed,2,Provider Three
569,Robbi,Jethro,3,Provider Two
570,Lorie,Minetta,5,Provider Four
571,Linzy,Annice,6,Provider Two
572,Emilia,Craggie,6,Provider Five
573,Paola,Dearborn,9,Provider Four
574,Elmira,Carmena,10,Provider Five
575,Fawne,Meli,5,Provider One
576,Mariele,Wenoa,8,Provider Two
577,Elie,Emanuel,5,Provider Four
578,Krystle,Erlandson,2,Provider Two
579,Pierette,Bobbee,10,Provider Five
580,Aubrie,Kirstin,9,Provider Three
581,Starla,Gower,10,Provider Three
582,Rani,Gaal,7,Provider Four
583,Mathilda,Gilmour,6,Provider Four
584,Ida,Sandye,6,Provider Two
585,Alisha,Delila,4,Provider One
586,Meghann,Marden,8,Provider Five
587,Basia,Chick,10,Provider Four
588,Kate,Abram,8,Provider One
589,Silvana,Hedve,9,Provider Four
590,Ericka,Brady,10,Provider Four
591,Tilly,Atonsah,3,Provider One
592,Dawn,Seligman,7,Provider One
593,Cathie,Woodberry,1,Provider Three
594,June,Prouty,1,Provider Four
595,Addia,Waite,4,Provider Three
596,Jordan,Yuille,1,Provider Five
597,Leona,Ailyn,5,Provider One
598,Devina,Syd,2,Provider One
599,Dyann,Eldrid,8,Provider Three
600,Sharlene,Dorine,8,Provider Three
601,Roseline,Faro,7,Provider Two
602,Emmey,Ehrman,6,Provider Four
603,Bobbi,Lewes,5,Provider Five
604,Jasmina,Dyche,2,Provider Two
605,Judy,Jotham,4,Provider Three
606,Blake,Podvin,2,Provider Two
607,Jeanna,Peti,9,Provider Three
608,Reeba,Meter,3,Provider Five
609,Oralee,Fiester,10,Provider Four
610,Teriann,Rosemary,8,Provider Two
611,Damaris,Quent,3,Provider One
612,Krystle,Corrine,7,Provider Two
613,Linzy,Truc,4,Provider Four
614,Wilma,Clara,4,Provider Three
615,Rori,Rheingold,7,Provider Four
616,Noelle,McNully,1,Provider Four
617,Tomasina,Colp,10,Provider Four
618,Ingrid,Munn,1,Provider Three
619,Ann-Marie,Cadmar,10,Provider Three
620,Minne,Roarke,8,Provider Four
621,Ada,Isidore,5,Provider Three
622,Tomasina,Isidore,8,Provider Three
623,Dotty,Halsey,1,Provider Two
624,Carmencita,Frodi,7,Provider Three
625,Briney,Sinegold,10,Provider Three
626,Codie,Charmine,3,Provider Five
627,Karly,Alice,7,Provider Five
628,Hayley,Norrie,5,Provider Three
629,Violet,Regan,6,Provider Five
630,Sandie,Anestassia,5,Provider One
631,Melodie,Cressida,3,Provider Three
632,Olivette,Nerita,3,Provider One
633,Teddie,Voletta,4,Provider Five
634,Priscilla,Gerge,9,Provider Five
635,Mireielle,Wallis,3,Provider Three
636,Agathe,Madaih,10,Provider One
637,Codie,Gemini,8,Provider One
638,Raf,Paton,2,Provider Four
639,Lucille,Felecia,1,Provider Three
640,Gisela,Viddah,4,Provider Two
641,Peri,Kauppi,9,Provider Two
642,Viviene,Giff,9,Provider One
643,Melisent,Ciapas,2,Provider Three
644,Phylis,Bohlin,9,Provider Two
645,Belva,Allys,7,Provider Two
646,Marti,Mandler,5,Provider Two
647,Stephanie,Gladstone,4,Provider Five
648,Raina,Mayeda,6,Provider Three
649,Danika,Corrine,8,Provider One
650,Sindee,Nelsen,3,Provider Five
651,Ardeen,Engdahl,1,Provider Three
652,Gale,Kathie,5,Provider Two
653,Frieda,Couture,8,Provider Five
654,Dianemarie,Rubie,3,Provider Three
655,Sissy,Ackerley,9,Provider One
656,Mariann,Halla,4,Provider Five
657,Zia,Stelle,6,Provider Two
658,Gwyneth,Jenness,2,Provider Two
659,Myriam,Sammons,7,Provider One
660,Elie,Rooney,7,Provider Two
661,Silvana,Ezar,9,Provider Four
662,Tierney,Lane,1,Provider Two
663,Minne,Reinke,4,Provider One
664,Lilith,Engdahl,1,Provider One
665,Mara,Curren,1,Provider Three
666,Jaclyn,Willie,5,Provider Three
667,Jessamyn,Lytton,8,Provider One
668,Zia,Gualtiero,10,Provider Four
669,Mignon,Brunell,4,Provider Three
670,Leanna,Mathilde,10,Provider Three
671,Iseabal,Hourigan,5,Provider Two
672,Roz,Germann,10,Provider One
673,Chloris,Fredi,3,Provider Two
674,Alejandra,Cosenza,6,Provider Four
675,Valeda,Martsen,2,Provider One
676,Elka,Duwalt,5,Provider Three
677,Lucy,Toni,7,Provider Five
678,Fredericka,Etom,9,Provider Five
679,Kimmy,Percy,8,Provider Four
680,Tressa,Toffic,4,Provider Five
681,Veda,Juan,1,Provider Three
682,Correy,Gwenore,7,Provider One
683,Anthia,Yoko,10,Provider Five
684,Brianna,Hurley,8,Provider Four
685,Cathie,Emerson,8,Provider Four
686,Marcelline,Ortrude,7,Provider Five
687,Jan,Bandeen,9,Provider Two
688,Gilda,Gino,3,Provider Five
689,Zia,Chabot,3,Provider Two
690,Shell,Lia,6,Provider Two
691,Chastity,Bearnard,5,Provider One
692,Blondelle,Daniele,2,Provider One
693,Kaia,Salchunas,9,Provider Three
694,Celisse,Edvard,7,Provider One
695,Cathie,Raseda,4,Provider Four
696,Harmonia,Thema,6,Provider Three
697,Shirlee,Nester,6,Provider One
698,Arabel,Erskine,8,Provider Four
699,Suzette,Dichy,5,Provider One
700,Loree,Bandeen,8,Provider Two
701,Celene,Voletta,7,Provider Five
702,Ginnie,Howlyn,4,Provider Four
703,Zaria,Gamaliel,6,Provider Four
704,Margalo,Camden,10,Provider Three
705,Pollyanna,Ophelia,1,Provider Four
706,Misha,Avi,1,Provider Four
707,Audrie,Gaulin,2,Provider One
708,Britni,Nerita,9,Provider One
709,Elbertina,Publia,7,Provider Four
710,Joelly,Janith,8,Provider Three
711,Ardenia,Weitman,10,Provider One
712,Kamilah,Guildroy,5,Provider Four
713,Cassondra,Lynn,7,Provider Three
714,Claresta,Lea,6,Provider One
715,Blake,Nahum,8,Provider Two
716,Rosabelle,Maurine,7,Provider Five
717,Nerta,Goth,9,Provider Five
718,Rubie,Colbert,8,Provider Five
719,Aeriela,Lubin,10,Provider Two
720,Clo,Quinn,7,Provider Three
721,Daryl,Pitt,7,Provider Four
722,Paule,Muriel,6,Provider Two
723,Teriann,Rebecka,9,Provider One
724,Clary,Niles,5,Provider Five
725,Brena,Markman,9,Provider Two
726,Georgetta,Elo,10,Provider Four
727,Angelique,Harday,5,Provider Two
728,Pearline,Erlandson,8,Provider Four
729,Damaris,Salchunas,5,Provider One
730,Amalie,Kylander,3,Provider Four
731,Fina,Greyson,7,Provider Four
732,Gaylene,Alva,10,Provider Two
733,Ivett,Reneta,6,Provider Two
734,Dorene,Adalbert,6,Provider Four
735,Magdalena,Primalia,3,Provider Two
736,Kristan,Montgomery,4,Provider Three
737,Fawne,Hillel,10,Provider One
738,Sheelagh,Bultman,2,Provider One
739,Kara-Lynn,Denis,7,Provider Five
740,Antonietta,Stuart,4,Provider One
741,Carmencita,Calhoun,1,Provider Three
742,Pierette,Denis,5,Provider One
743,Meriel,Ummersen,7,Provider Four
744,Nerta,Craggie,8,Provider Two
745,Grier,Tiffa,8,Provider Five
746,Janey,Bergman,8,Provider One
747,Tatiania,Fax,2,Provider Four
748,Angela,Raffo,2,Provider Three
749,Gertrud,Estella,2,Provider Two
750,Noelle,Bonilla,3,Provider Three
751,Feliza,Teddman,10,Provider Three
752,Kerrin,Chabot,5,Provider One
753,Mignon,Alexandr,3,Provider One
754,Tierney,Vastah,3,Provider Five
755,Talya,Anastatius,9,Provider Four
756,Edyth,Saint,5,Provider Four
757,Basia,Marden,3,Provider Four
758,Jany,Millda,1,Provider Five
759,Caryl,Gordon,3,Provider Three
760,Dominga,Paton,5,Provider Two
761,Ezmeralda,Uund,5,Provider Four
762,Theodora,Borrell,5,Provider Three
763,Florie,Bluh,9,Provider Four
764,Alia,Leonard,10,Provider Two
765,Aaren,Sigfrid,9,Provider Two
766,Mary,Autrey,9,Provider Two
767,Glynnis,Cutlerr,4,Provider Five
768,Stacey,Camden,7,Provider One
769,Tori,Kirstin,4,Provider Two
770,Cristine,Gert,10,Provider Two
771,Doralynne,Erminia,8,Provider Three
772,Sophia,Fiester,7,Provider Five
773,Ada,Dearborn,10,Provider Four
774,Glynnis,Cimbura,3,Provider Four
775,Ida,Tomasina,7,Provider Two
776,Marika,Etom,10,Provider Three
777,Jsandye,Herrera,3,Provider Two
778,Lynde,Merna,5,Provider One
779,Cherilyn,Artie,6,Provider One
780,Babita,Holtz,1,Provider Five
781,Jackie,Callista,3,Provider Four
782,Madalyn,Jalbert,1,Provider Three
783,Mariann,Judye,3,Provider Four
784,Fernande,Adamsen,9,Provider Two
785,Margarette,Judye,1,Provider Five
786,Alie,Libna,10,Provider Three
787,Correy,Wu,1,Provider Two
788,Amalie,Lay,4,Provider One
789,Celisse,Arvo,8,Provider Three
790,Lizzie,Waldron,9,Provider Five
791,Sherrie,Gert,4,Provider Five
792,Candy,Halsey,6,Provider Two
793,Dawn,Belanger,4,Provider Three
794,Sherrie,Dawkins,2,Provider Three
795,Devina,Avi,5,Provider Two
796,Jackie,Ajay,2,Provider Four
797,Ginnie,Norrie,6,Provider One
798,Lyssa,Iaverne,4,Provider One
799,Halette,Mitzi,10,Provider Three
800,Gwyneth,Miru,10,Provider Two
801,Bill,Brandice,4,Provider Five
802,Marcy,Pillsbury,1,Provider Four
803,Adele,Xerxes,4,Provider Three
804,Gloria,Wu,9,Provider Five
805,Daphne,Anton,1,Provider Three
806,Anallese,Granoff,6,Provider Three
807,Sonni,Sisile,8,Provider Two
808,Hannis,Edee,6,Provider Four
809,Nanete,Michella,2,Provider One
810,Flo,Lory,8,Provider One
811,Carmencita,Pattin,2,Provider Two
812,Netty,Gregrory,5,Provider Five
813,Rubie,August,3,Provider Three
814,Deane,Rolf,5,Provider Four
815,Bernardine,Joachim,3,Provider Two
816,Emilia,Colbert,8,Provider One
817,Brietta,Solitta,3,Provider Five
818,Mary,Bouchard,1,Provider Five
819,Myrtice,Uird,6,Provider Five
820,Liana,Roxanna,5,Provider One
821,Frieda,Brackely,9,Provider Two
822,Rani,Isacco,2,Provider Four
823,Angela,Havens,5,Provider Five
824,Kary,Laurianne,1,Provider Two
825,Abbie,Burkle,4,Provider Two
826,Rori,Greenwald,9,Provider Three
827,Florencia,Hull,2,Provider Three
828,Dianemarie,Eckblad,2,Provider Four
829,Lila,Jobi,4,Provider Three
830,Winifred,Hanleigh,3,Provider Four
831,Dianemarie,Wilona,1,Provider Four
832,Sharlene,Adrienne,7,Provider Five
833,Caryl,Buttaro,4,Provider Two
834,Donnie,Gherardo,6,Provider Two
835,Pollyanna,Montgomery,1,Provider One
836,Brynna,Hurley,5,Provider Four
837,Jan,Cristi,7,Provider One
838,Ann-Marie,Annabella,6,Provider Four
839,Ida,Kaja,5,Provider Two
840,Meghann,Terrence,8,Provider Four
841,Jenilee,Anastatius,6,Provider One
842,Cindelyn,Jalbert,9,Provider One
843,Suzette,Marsden,1,Provider One
844,Eolanda,Blisse,5,Provider One
845,Dania,Fontana,2,Provider Four
846,Gwenneth,Olympium,4,Provider One
847,Karena,Stephie,10,Provider Three
848,Sissy,Elisha,2,Provider One
849,Emilia,Suk,3,Provider Three
850,Annecorinne,Liva,1,Provider Two
851,Dania,Jenness,9,Provider Two
852,Olivette,Johanna,2,Provider Two
853,Alia,Kiyoshi,5,Provider Three
854,Basia,Odell,5,Provider One
855,Norine,Radu,10,Provider One
856,Fanchon,Burkle,7,Provider Three
857,Kirbee,Vittoria,1,Provider Five
858,Talya,Mitzi,10,Provider One
859,Max,Barney,9,Provider Four
860,Aigneis,Stanwood,3,Provider One
861,Cassondra,Briney,4,Provider Four
862,Ida,Rheingold,8,Provider Four
863,Kerrin,Bohlin,5,Provider Two
864,Corina,Hortensia,3,Provider Two
865,Deane,Henrie,3,Provider Five
866,Glynnis,Othilia,10,Provider Four
867,Lita,Korey,3,Provider Three
868,Chastity,Eckblad,2,Provider Two
869,Lelah,Gamaliel,9,Provider Two
870,Jorry,Giff,3,Provider Five
871,Marline,Monk,10,Provider Two
872,Rosabelle,Leler,4,Provider Four
873,Dorene,Fillbert,10,Provider Four
874,Tami,Yoko,1,Provider One
875,Tiffie,Fadiman,8,Provider Two
876,Elora,Haldas,5,Provider Five
877,Nerta,Vilma,2,Provider Three
878,Sashenka,Haymes,1,Provider One
879,Edee,Abbot,6,Provider Two
880,Lucille,Oster,6,Provider One
881,Cissiee,Darbie,3,Provider Five
882,Daune,Bevin,8,Provider Five
883,Dorene,Granoff,10,Provider Five
884,Rosene,Dash,10,Provider Four
885,Clo,Stephie,8,Provider Four
886,Mallory,Susannah,5,Provider Five
887,Dianemarie,Verger,2,Provider Five
888,Meg,Burch,4,Provider One
889,Emelina,Tybald,8,Provider Three
890,Kathi,Zitvaa,7,Provider Three
891,Lenna,Bonucci,1,Provider Four
892,Morganica,Merat,1,Provider One
893,Tomasina,Neils,6,Provider Four
894,Charissa,Kannry,1,Provider One
895,Donnie,Florina,9,Provider Four
896,Arabel,Holbrook,8,Provider Two
897,Angela,Lory,6,Provider Five
898,Marcelline,Miru,5,Provider One
899,Cyndie,Margret,7,Provider Three
900,Miquela,Mehalek,1,Provider One
901,Sophia,Aida,9,Provider Three
902,Dominga,Avi,7,Provider Four
903,Correy,Seligman,6,Provider One
904,Ofilia,Goddard,3,Provider Five
905,Katharina,Bertold,9,Provider Five
906,Layla,Burkle,9,Provider Three
907,Sean,Briney,9,Provider Two
908,Mureil,Ivens,1,Provider Five
909,Starla,Nahum,7,Provider Three
910,Nyssa,Munn,3,Provider Four
911,Blondelle,Lucienne,9,Provider Four
912,Jany,Rubie,4,Provider Five
913,Lily,Gualtiero,10,Provider Three
914,Maisey,Schroth,9,Provider Four
915,Kimmy,Chapland,4,Provider Five
916,Michaelina,Cleavland,3,Provider Three
917,Marjie,Madaih,3,Provider One
918,Joane,Lanita,5,Provider Two
919,Kayla,Jacinda,1,Provider Two
920,Damaris,Ax,5,Provider Four
921,Goldie,Sholley,9,Provider Two
922,Augustine,Emmy,3,Provider One
923,Jere,Joli,8,Provider One
924,Daphne,Dorothy,4,Provider One
925,Correy,Fennessy,7,Provider Five
926,Sharlene,Daveta,2,Provider Four
927,Gabriellia,Wildermuth,10,Provider Five
928,Deloria,Judye,10,Provider Two
929,Yetty,Sparhawk,6,Provider One
930,Nikki,Callista,9,Provider Three
931,Clo,Wildermuth,8,Provider One
932,Esmeralda,Moina,4,Provider One
933,Karena,Diogenes,4,Provider Five
934,Gwyneth,Argus,9,Provider One
935,Dale,Delacourt,1,Provider One
936,Tybie,Trinetta,2,Provider Three
937,Lucy,Radu,6,Provider Three
938,Roz,Rad,4,Provider One
939,Tilly,Publia,7,Provider Five
940,Frances,Wareing,2,Provider Five
941,Rosaline,Noelyn,2,Provider Two
942,Emmey,Elsinore,3,Provider Five
943,Averyl,Saint,6,Provider Three
944,Natka,Lilas,4,Provider One
945,Evaleen,Nedrud,9,Provider Three
946,Jerry,Concha,4,Provider Five
947,Kaia,Johnsson,6,Provider Five
948,Atlanta,Jillane,3,Provider Two
949,Stacey,Ade,1,Provider One
950,Mahalia,Pond,6,Provider Two
951,Cassondra,Kazimir,10,Provider Three
952,Carolina,Toffic,2,Provider Four
953,Adele,Iphlgenia,3,Provider One
954,Sue,Kaja,4,Provider Four
955,Susette,Henrie,8,Provider One
956,Shell,Gherardo,7,Provider One
957,Beatriz,Andrel,7,Provider Three
958,Willetta,Isacco,10,Provider Four
959,Fina,Jacobah,5,Provider Two
960,Winny,Alarise,9,Provider Two
961,Ketti,Rossner,3,Provider Five
962,Averyl,Syd,4,Provider Five
963,Gilligan,Presber,2,Provider One
964,Peri,Rolf,10,Provider Two
965,Tabbatha,Fredi,10,Provider Five
966,Mady,Ochs,1,Provider One
967,Ardenia,Johanna,1,Provider Five
968,Nikki,Meter,9,Provider Five
969,Ilse,Lacombe,7,Provider Four
970,Nelle,Laverne,7,Provider Two
971,Lelah,Docilla,5,Provider Four
972,Phylis,Lutero,10,Provider Five
973,Tori,Koziara,5,Provider Two
974,Dawn,Cloris,6,Provider Three
975,Roslyn,Cornelia,1,Provider Five
976,Ardenia,Urania,7,Provider One
977,Dagmar,Bronk,10,Provider Four
978,Madalyn,Rossner,10,Provider One
979,Jolyn,Gregrory,7,Provider Five
980,Layla,Blase,8,Provider Two
981,Bertine,Lalitta,8,Provider Three
982,Dianemarie,Bates,6,Provider Four
983,Dolli,Bobbee,2,Provider Five
984,Amara,Pyle,3,Provider Four
985,Debee,Terencio,6,Provider Four
986,Lelah,Bebe,1,Provider Two
987,Janis,Vilma,1,Provider Three
988,Nonnah,Lowry,8,Provider Four
989,Elsie,Poppy,6,Provider Three
990,Berget,Guthrie,10,Provider Five
991,Mireielle,Darian,6,Provider Two
992,Karina,Travax,3,Provider Three
993,Alisha,Brady,9,Provider Three
994,Goldie,Infield,6,Provider Three
995,Blinni,Colleen,3,Provider Five
996,Kara-Lynn,Lissi,1,Provider Four
997,Brandise,Bach,8,Provider Three
998,Lilith,Winnick,9,Provider One
999,Harrietta,Colleen,8,Provider Three